-1.111615319546962127e-38,5.617417045868933201e-04,1.519699208438396454e-02,-5.704301223158836365e-02,-4.312488064169883728e-02,8.589102327823638916e-02,2.232987619936466217e-02,2.127608656883239746e-01,-6.854882463812828064e-03,8.107224106788635254e-02,1.379765849560499191e-02,-2.815856598317623138e-02,-1.545423716306686401e-01,-6.681244075298309326e-02,2.805648138746619225e-03,-2.856672741472721100e-02,1.147056668996810913e-01,1.487687043845653534e-02,-1.352771520614624023e-01,1.673127561807632446e-01,3.914769738912582397e-02,3.726868331432342529e-02,-2.779471501708030701e-02,-1.857435852289199829e-01,-7.241795957088470459e-02,-4.202813655138015747e-02,2.014143168926239014e-01,3.681593760848045349e-02,1.097140386700630188e-01,-1.783696562051773071e-02,-5.450808629393577576e-02,-4.916427657008171082e-02,1.423192322254180908e-01,-9.668825194239616394e-03,-1.715951412916183472e-01,1.317036803811788559e-02,-2.166796848177909851e-02,1.116275042295455933e-02,-4.640144482254981995e-02
-1.497833617031574249e-02,-9.445812432486760945e-39,2.893514037132263184e-01,-6.320681422948837280e-02,9.978353977203369141e-02,1.876016408205032349e-01,-1.245094537734985352e-01,5.046040564775466919e-02,7.783314585685729980e-02,-8.980854414403438568e-03,4.822903871536254883e-02,3.551847860217094421e-02,-3.361556306481361389e-02,-7.989206910133361816e-02,1.160181239247322083e-01,1.763299666345119476e-02,4.733335226774215698e-02,7.274798583239316940e-03,-6.619311124086380005e-02,4.183197766542434692e-02,-3.633369132876396179e-02,-4.433944076299667358e-02,5.152335017919540405e-02,3.068955987691879272e-02,1.282574236392974854e-01,8.598936721682548523e-03,-1.786600984632968903e-02,1.108557879924774170e-01,1.253397017717361450e-01,-3.927794471383094788e-02,-5.010549351572990417e-02,1.780163496732711792e-01,-1.812380850315093994e-01,-1.728035882115364075e-02,6.431346386671066284e-02,1.547192484140396118e-01,-3.074934892356395721e-02,5.409833043813705444e-02,8.269952610135078430e-03
-6.438439246267080307e-03,-2.853668928146362305e-01,7.040831140492364997e-39,-8.508812636137008667e-03,6.335645914077758789e-02,-6.333626341074705124e-03,1.613929122686386108e-01,-3.651913627982139587e-02,4.218412935733795166e-02,9.598189592361450195e-02,1.480943989008665085e-02,1.257443241775035858e-02,-4.929035156965255737e-02,6.969126313924789429e-02,5.348609387874603271e-02,1.946576833724975586e-01,1.212889552116394043e-01,-3.810679540038108826e-02,9.272855520248413086e-02,7.721401751041412354e-02,-3.791711479425430298e-02,8.961759507656097412e-02,8.230546116828918457e-02,1.118296906352043152e-01,-2.808760851621627808e-02,-1.727554388344287872e-02,-1.698080748319625854e-01,-1.320575177669525146e-01,-1.872881799936294556e-01,-2.842883393168449402e-02,-1.155775040388107300e-01,3.227581083774566650e-02,-1.336311269551515579e-02,3.552903234958648682e-02,-1.277415901422500610e-01,-4.596117883920669556e-02,2.435131072998046875e-01,9.676087647676467896e-03,-2.641252279281616211e-01
7.456095516681671143e-02,1.893817782402038574e-01,2.780060470104217529e-02,8.497022669560178127e-39,-3.232754021883010864e-02,-1.928540617227554321e-01,7.370361685752868652e-02,8.807557821273803711e-02,-1.214043721556663513e-01,-1.416309736669063568e-02,2.336882799863815308e-01,5.970385670661926270e-02,1.432545036077499390e-01,6.242113304324448109e-04,-1.623923033475875854e-01,-2.609012722969055176e-01,1.097601056098937988e-01,3.507168963551521301e-02,-1.090449094772338867e-02,-1.033269092440605164e-01,5.015954747796058655e-02,-5.077111124992370605e-01,8.976245671510696411e-02,2.232199311256408691e-01,-1.684960275888442993e-01,-3.293183445930480957e-02,-1.112018078565597534e-01,8.530326187610626221e-02,7.643532007932662964e-02,-6.653602421283721924e-02,8.818414993584156036e-03,-1.098769977688789368e-01,1.542960945516824722e-02,-4.577381163835525513e-02,7.741319388151168823e-02,1.944691129028797150e-02,9.772539138793945312e-03,6.528248637914657593e-02,-1.126576215028762817e-01
-4.071783274412155151e-03,-1.262089461088180542e-01,-5.572817102074623108e-02,1.761827804148197174e-02,-6.716151687606769206e-39,-1.606070622801780701e-02,8.503678441047668457e-02,7.961501181125640869e-02,1.852539330720901489e-01,1.063803359866142273e-01,-6.565953139215707779e-03,5.178223922848701477e-02,2.062354683876037598e-01,7.043135911226272583e-02,-4.658314958214759827e-02,-2.302678860723972321e-02,2.349611185491085052e-02,-1.384372916072607040e-02,1.415780652314424515e-02,5.958979204297065735e-02,-1.644670814275741577e-01,4.444263875484466553e-02,-1.016566753387451172e-01,2.043528482317924500e-02,-1.342356055974960327e-01,-6.337220314890146255e-03,2.149523049592971802e-01,1.279294341802597046e-01,4.827722534537315369e-02,8.119327016174793243e-03,-1.298857927322387695e-01,-1.504016965627670288e-01,3.255855292081832886e-02,-1.085160374641418457e-01,-5.604732781648635864e-02,9.653747081756591797e-02,-2.903345040977001190e-02,2.869688346982002258e-02,1.995335221290588379e-01
-8.230979740619659424e-02,-2.079712450504302979e-01,-1.601746119558811188e-02,1.425300538539886475e-01,2.528389357030391693e-02,1.153286853019360672e-39,-8.768799155950546265e-02,2.670554630458354950e-02,2.757444381713867188e-01,7.831433322280645370e-04,4.968679323792457581e-02,-7.864658720791339874e-03,5.511986464262008667e-02,-3.788737580180168152e-02,2.907874993979930878e-02,-1.306677609682083130e-01,1.366369575262069702e-01,1.089419126510620117e-01,-7.568366825580596924e-02,-1.613780669867992401e-02,1.388748921453952789e-02,-3.506213426589965820e-01,7.646792382001876831e-02,-7.064265012741088867e-02,-4.500049725174903870e-02,6.278681755065917969e-02,-1.543401628732681274e-01,1.084174141287803650e-01,2.405957728624343872e-01,-1.176304370164871216e-01,9.539868682622909546e-02,-3.695299848914146423e-02,5.225248262286186218e-02,1.363305151462554932e-01,-7.915670424699783325e-02,-2.782753854990005493e-02,5.479515716433525085e-02,2.340911142528057098e-02,1.252128630876541138e-01
-3.685146197676658630e-02,1.460619270801544189e-01,-1.337340176105499268e-01,-1.309137344360351562e-01,-7.988584041595458984e-02,4.364024102687835693e-02,3.577994223496057070e-39,8.044777810573577881e-02,-6.160265952348709106e-02,4.170869290828704834e-02,1.263606399297714233e-01,-1.334121376276016235e-01,-2.504229173064231873e-02,6.363346241414546967e-03,1.370783001184463501e-01,-1.649895310401916504e-01,7.371724583208560944e-03,3.789162263274192810e-02,-1.014571264386177063e-01,1.599573343992233276e-01,1.162101030349731445e-01,1.332857459783554077e-01,4.360726848244667053e-02,2.981472015380859375e-01,-1.501052465755492449e-04,-1.793789267539978027e-01,-2.605370245873928070e-02,1.313454955816268921e-01,-6.436809897422790527e-02,1.840221136808395386e-02,4.109850153326988220e-02,1.934898272156715393e-02,3.906737547367811203e-04,-1.679531335830688477e-01,2.803606167435646057e-02,8.505445718765258789e-02,-9.329054504632949829e-02,2.656569145619869232e-02,2.659417502582073212e-02
-5.238957237452268600e-03,-4.228388518095016479e-02,1.949448697268962860e-02,-6.938324868679046631e-02,-7.391756772994995117e-02,-9.057560004293918610e-03,-8.357308059930801392e-02,4.791235631311555040e-40,-8.002922986634075642e-04,-3.168654814362525940e-02,8.764440566301345825e-02,4.924792423844337463e-02,1.026075705885887146e-02,-4.922973364591598511e-02,-7.232176512479782104e-02,-3.388592228293418884e-02,-7.182633131742477417e-02,-4.894191399216651917e-02,1.146644204854965210e-01,-4.512057080864906311e-02,2.259285748004913330e-02,3.845248743891716003e-02,4.197053983807563782e-02,4.407144710421562195e-02,-2.334496974945068359e-01,-1.602339185774326324e-02,7.359947264194488525e-02,1.471598744392395020e-01,-1.017862111330032349e-01,-9.804378449916839600e-02,1.265401095151901245e-01,-1.128365695476531982e-01,2.460475265979766846e-02,-4.820346087217330933e-02,-1.858444958925247192e-01,-1.023344099521636963e-01,-1.161220371723175049e-01,-4.269453231245279312e-03,6.132137775421142578e-02
-1.226851809769868851e-02,-5.369621887803077698e-02,-3.052215836942195892e-02,1.653278768062591553e-01,-1.903674453496932983e-01,-2.844204902648925781e-01,1.456120610237121582e-02,1.268301252275705338e-02,6.887012009361894152e-39,-2.527617290616035461e-02,7.815758883953094482e-02,5.573293566703796387e-02,2.495943382382392883e-02,4.936592653393745422e-03,-3.852974250912666321e-02,7.788652926683425903e-02,-1.097770258784294128e-01,-7.252959161996841431e-02,6.766088306903839111e-02,1.796332448720932007e-01,-2.801081538200378418e-02,-5.138532072305679321e-02,-5.277086794376373291e-02,-8.238833397626876831e-02,-6.696159392595291138e-02,9.296280145645141602e-02,9.820677340030670166e-02,9.471236914396286011e-02,-5.477301031351089478e-02,-9.552321583032608032e-02,6.965643167495727539e-02,-2.239516191184520721e-02,6.302140653133392334e-02,-6.307231634855270386e-02,4.190787672996520996e-02,1.158368494361639023e-02,-3.814987465739250183e-02,-2.612899839878082275e-01,-2.567841857671737671e-02
-3.744620829820632935e-02,5.543885752558708191e-03,2.078373879194259644e-01,3.523947671055793762e-02,-1.100955456495285034e-01,2.000680891796946526e-03,7.533495873212814331e-02,4.798770882189273834e-03,-7.510749250650405884e-02,2.551590742525915609e-39,1.305207461118698120e-01,-1.413159817457199097e-01,-2.262329161167144775e-01,-2.084336988627910614e-02,-1.047879364341497421e-02,3.655654489994049072e-01,-1.187153607606887817e-01,2.270725741982460022e-02,8.235560730099678040e-03,1.451221853494644165e-01,-1.189294271171092987e-02,2.491714619100093842e-02,9.280171245336532593e-02,-2.729880809783935547e-01,-2.204367518424987793e-01,1.202118992805480957e-01,5.885858088731765747e-02,1.151814088225364685e-01,-4.919202998280525208e-02,-2.734088003635406494e-01,1.132002994418144226e-01,5.313337221741676331e-02,7.795859128236770630e-02,2.979250997304916382e-02,4.041514918208122253e-02,1.287103891372680664e-01,1.448716074228286743e-01,-3.425854817032814026e-02,1.371256113052368164e-01
-3.332757577300071716e-02,-9.510904550552368164e-02,2.326509170234203339e-02,-2.264460176229476929e-01,1.076736822724342346e-01,-4.603821784257888794e-02,-1.252143234014511108e-01,-1.264498531818389893e-01,-5.060207471251487732e-02,2.495044656097888947e-02,-3.587310055686888453e-39,-3.242525830864906311e-02,-3.178612515330314636e-02,-1.109774634242057800e-01,-1.216940023005008698e-02,4.420689493417739868e-02,-1.147934645414352417e-01,-3.501755371689796448e-02,-9.016414731740951538e-02,-1.387899070978164673e-01,1.358551997691392899e-02,5.107764005661010742e-01,-2.067904919385910034e-01,1.026453897356987000e-01,5.197878181934356689e-02,1.595376878976821899e-01,3.565838187932968140e-02,1.296302229166030884e-01,-7.985289394855499268e-02,-1.473282575607299805e-01,2.326317317783832550e-02,-7.348645478487014771e-02,1.708347536623477936e-02,-2.699209004640579224e-02,-1.405460666865110397e-02,-1.522238701581954956e-01,-1.472978889942169189e-01,1.193998754024505615e-01,1.193290799856185913e-01
-6.469074636697769165e-02,-6.829976290464401245e-02,-1.056201234459877014e-01,1.046544499695301056e-02,2.500438876450061798e-02,-1.696715876460075378e-02,1.552062928676605225e-01,5.610456690192222595e-02,-3.122016414999961853e-02,-1.791257113218307495e-01,-9.510188363492488861e-03,1.110815318253679089e-38,1.217556670308113098e-01,1.520846318453550339e-02,-4.832913354039192200e-02,-5.613760650157928467e-02,8.267095685005187988e-02,5.509392917156219482e-02,9.513744711875915527e-02,7.733589410781860352e-01,-6.120122969150543213e-02,-1.229110062122344971e-01,-2.348068356513977051e-01,1.437182771041989326e-03,-4.484113305807113647e-03,-2.726846933364868164e-01,-8.743400685489177704e-03,1.047065109014511108e-02,-2.566919848322868347e-02,1.515380293130874634e-01,-2.730897255241870880e-02,1.071818098425865173e-01,8.400918915867805481e-03,2.562680095434188843e-02,5.324500799179077148e-02,3.310170397162437439e-02,7.018138654530048370e-03,-5.964792519807815552e-02,-5.251795053482055664e-02
-1.507784277200698853e-01,7.429081946611404419e-02,1.150947287678718567e-01,-6.754242628812789917e-02,-2.283501327037811279e-01,-9.589551389217376709e-02,-1.607358455657958984e-02,5.700488574802875519e-03,9.772208519279956818e-03,-1.408048123121261597e-01,6.814736127853393555e-02,1.523202508687973022e-01,8.810210073739846093e-39,-2.212296472862362862e-03,8.831772953271865845e-02,1.395087689161300659e-01,8.585458993911743164e-02,-1.779573597013950348e-02,-5.185390636324882507e-02,8.416675776243209839e-02,-5.687528476119041443e-02,-2.027035504579544067e-01,1.039373874664306641e-01,-4.754625260829925537e-03,-5.690148472785949707e-02,-6.565523147583007812e-02,-4.834239184856414795e-02,2.901356518268585205e-01,-6.838873960077762604e-03,-3.246291354298591614e-02,4.125239700078964233e-02,1.580835878849029541e-01,-2.008109167218208313e-02,-1.728524118661880493e-01,-4.423464834690093994e-02,-1.121655479073524475e-01,1.676291227340698242e-01,-1.120315194129943848e-01,1.221250072121620178e-01
-4.982001706957817078e-02,6.473148614168167114e-02,1.355069410055875778e-02,2.584160864353179932e-02,-1.151644438505172729e-01,7.278218865394592285e-02,-8.473542332649230957e-02,-3.761316090822219849e-02,-7.596831023693084717e-02,-3.250072151422500610e-02,1.329243630170822144e-01,1.033614948391914368e-02,1.406954973936080933e-02,-7.601741488493838449e-39,4.784042015671730042e-02,8.741382509469985962e-02,-1.987834833562374115e-02,-1.257825940847396851e-01,-5.465893819928169250e-02,2.634583413600921631e-02,2.154861018061637878e-02,-4.129766486585140228e-03,-3.267845511436462402e-02,4.894897714257240295e-02,4.824982210993766785e-02,-1.157484482973814011e-03,-4.862949624657630920e-02,-2.699882164597511292e-02,-2.536142244935035706e-02,-8.286307565867900848e-03,8.101711980998516083e-03,6.844680756330490112e-02,-5.141326691955327988e-03,-2.847814932465553284e-02,-9.589785337448120117e-02,-4.282636940479278564e-02,9.529934264719486237e-03,-5.603446811437606812e-02,9.000540524721145630e-02
6.882240623235702515e-02,-1.355852484703063965e-01,2.407352626323699951e-01,1.377825587987899780e-01,7.234627008438110352e-02,3.528959304094314575e-02,-3.888508677482604980e-02,9.006161987781524658e-02,1.155854240059852600e-01,6.111244112253189087e-02,-1.223130244761705399e-02,6.840312480926513672e-02,-8.540877141058444977e-03,3.913875203579664230e-03,9.121669676913001559e-39,1.097862794995307922e-01,1.139494962990283966e-02,5.953200906515121460e-02,7.743247598409652710e-02,-2.564871124923229218e-02,5.289852246642112732e-02,3.184624314308166504e-01,2.585359215736389160e-01,9.844879060983657837e-02,9.953229129314422607e-02,6.440988183021545410e-02,-8.448252826929092407e-02,4.824285209178924561e-02,-4.586850106716156006e-02,3.544011712074279785e-02,4.654900729656219482e-02,-5.554420407861471176e-03,1.254236102104187012e-01,-3.724765032529830933e-02,-1.295574568212032318e-02,-1.842525415122509003e-02,3.016126900911331177e-02,-3.282868266105651855e-01,1.286363452672958374e-01
-2.464859746396541595e-02,-1.002139002084732056e-01,8.447014540433883667e-02,-2.769384980201721191e-01,4.722429905086755753e-03,1.179189607501029968e-01,1.893329322338104248e-01,7.683467119932174683e-02,3.737513720989227295e-02,3.638548552989959717e-01,7.284340262413024902e-02,-6.709914654493331909e-02,2.971015572547912598e-01,5.367498472332954407e-02,2.293032258749008179e-01,-9.255759926964243304e-39,1.239061802625656128e-01,2.565567009150981903e-02,8.142953515052795410e-01,7.987627759575843811e-03,-4.351921007037162781e-02,-2.281594872474670410e-01,-9.584167599678039551e-02,-2.248858958482742310e-01,-3.607623279094696045e-02,-2.910776063799858093e-02,3.212021291255950928e-01,-8.780267834663391113e-01,-1.322207301855087280e-01,1.254062801599502563e-01,-2.561456710100173950e-02,1.780765205621719360e-01,5.046217441558837891e-01,-4.238180816173553467e-03,-6.200854852795600891e-02,-8.958410471677780151e-02,-2.366044521331787109e-01,8.269506692886352539e-02,1.158921420574188232e-01
6.641224771738052368e-02,-6.930788606405258179e-02,2.467650026082992554e-01,1.434358805418014526e-01,4.147659242153167725e-02,-8.031283318996429443e-02,9.365487843751907349e-02,-3.835990652441978455e-02,-2.552497573196887970e-02,-1.104629486799240112e-01,-1.252679824829101562e-01,1.344982981681823730e-01,1.069726236164569855e-02,4.550603777170181274e-02,7.480265945196151733e-02,1.355760730803012848e-02,6.644845213951136565e-40,5.325696431100368500e-03,2.691446244716644287e-01,3.090750873088836670e-01,1.423824671655893326e-02,-1.259471327066421509e-01,3.298464119434356689e-01,1.463094949722290039e-01,-7.317633926868438721e-02,-3.340515866875648499e-02,-1.218883275985717773e+00,-3.956370055675506592e-02,3.645056858658790588e-03,1.037730351090431213e-01,9.991096705198287964e-02,-1.078761443495750427e-01,3.339820206165313721e-01,-4.978125914931297302e-02,1.627850234508514404e-01,2.049783617258071899e-02,1.755874976515769958e-02,-1.045012623071670532e-01,-2.570661902427673340e-02
2.741464786231517792e-02,-2.961440198123455048e-02,9.281018748879432678e-03,9.014924056828022003e-03,-7.550485897809267044e-03,-4.705057293176651001e-02,-5.661340430378913879e-03,4.363067820668220520e-02,6.326089054346084595e-02,2.425365336239337921e-02,1.313055958598852158e-02,5.445594713091850281e-02,-9.900220669806003571e-03,-1.258008927106857300e-01,6.800100207328796387e-02,2.419417910277843475e-02,-1.255756989121437073e-02,-3.617089049352255141e-39,2.147297374904155731e-03,-4.336078464984893799e-02,-4.917952045798301697e-02,4.145478084683418274e-02,2.393728494644165039e-02,-5.578786134719848633e-02,1.104359887540340424e-02,1.147469878196716309e-02,-2.709137648344039917e-02,3.225997462868690491e-02,-2.523538656532764435e-02,4.101093113422393799e-02,2.109738253057003021e-02,1.144195124506950378e-01,-1.189410686492919922e-02,-8.033864945173263550e-02,3.031482547521591187e-02,1.810959912836551666e-02,-5.532462522387504578e-02,-1.671984419226646423e-02,-5.285574588924646378e-03
4.935667291283607483e-02,4.182014241814613342e-02,-1.459838896989822388e-01,-5.532523151487112045e-03,1.015387568622827530e-02,9.962792694568634033e-02,5.924034863710403442e-02,-9.211247414350509644e-02,1.412189751863479614e-02,2.127343323081731796e-03,6.463343650102615356e-02,8.201065659523010254e-02,6.858091801404953003e-02,9.785701520740985870e-03,8.032517880201339722e-02,7.407869100570678711e-01,3.692362308502197266e-01,4.360511153936386108e-02,1.592558889123582703e-39,2.696359530091285706e-02,1.116466987878084183e-02,9.050039947032928467e-02,1.602612584829330444e-01,2.958617508411407471e-01,-2.761001288890838623e-01,1.862222999334335327e-01,-3.784133121371269226e-02,9.145395457744598389e-02,-8.686899393796920776e-02,-4.792793840169906616e-02,-1.838351041078567505e-01,3.876432403922080994e-02,-8.709630370140075684e-02,-5.369043350219726562e-02,1.030488908290863037e-01,1.622480601072311401e-01,-7.212737947702407837e-02,2.478117309510707855e-02,-6.546910852193832397e-02
2.240550369024276733e-01,-1.096224933862686157e-01,5.502742528915405273e-02,8.270642161369323730e-02,-3.275005519390106201e-02,8.137340843677520752e-02,-1.687242537736892700e-01,-5.079326778650283813e-02,1.662791222333908081e-01,4.934296384453773499e-02,-3.643385171890258789e-01,4.963776469230651855e-01,1.759915947914123535e-01,4.136893525719642639e-02,1.132555976510047913e-01,-4.320665076375007629e-02,3.718591332435607910e-01,-3.364777192473411560e-02,-3.609164431691169739e-02,7.070586312083838163e-39,6.036068871617317200e-02,-4.277923610061407089e-03,3.644501566886901855e-01,8.545099198818206787e-02,2.150200903415679932e-01,-2.959913108497858047e-03,5.505873821675777435e-03,-2.370935976505279541e-01,-3.868558108806610107e-01,2.194287031888961792e-01,5.247904062271118164e-01,1.772264540195465088e-01,-2.042040694504976273e-03,-1.165445968508720398e-01,3.081501834094524384e-02,-1.491899490356445312e-01,2.138645015656948090e-02,9.333061985671520233e-03,1.597723215818405151e-01
2.358695119619369507e-02,5.924621969461441040e-02,-2.568729687482118607e-03,6.639132648706436157e-02,1.228561550378799438e-01,8.307899348437786102e-03,-4.722781479358673096e-02,-1.924461312592029572e-02,2.842082083225250244e-02,-1.298633497208356857e-02,3.251574933528900146e-02,-5.701591819524765015e-02,1.606737636029720306e-02,2.180701307952404022e-02,1.390126720070838928e-02,-4.493540525436401367e-02,2.107840217649936676e-02,-4.918421804904937744e-02,-2.061826735734939575e-02,-2.172911167144775391e-02,8.687379256849454252e-39,1.306636817753314972e-02,1.153813136625103652e-04,-6.265429314225912094e-03,5.578609183430671692e-03,-1.308086910285055637e-03,-5.711909383535385132e-03,4.820315167307853699e-02,-4.962748382240533829e-03,-4.572996476781554520e-05,8.103483915328979492e-02,-5.101824179291725159e-02,-3.186371549963951111e-02,-1.591738313436508179e-02,2.169285155832767487e-02,-2.068531699478626251e-02,-1.237958390265703201e-02,-2.331211045384407043e-02,-1.530067529529333115e-02
3.748648986220359802e-02,9.540800005197525024e-03,1.040619686245918274e-01,-3.044001758098602295e-01,-8.013372868299484253e-02,-1.808616816997528076e-01,1.105045899748802185e-01,4.092484712600708008e-02,-1.650210767984390259e-01,2.570606954395771027e-02,5.112082362174987793e-01,-1.229133978486061096e-01,-2.105512917041778564e-01,-7.305344101041555405e-03,1.870895326137542725e-01,-1.609986126422882080e-01,-1.182672902941703796e-01,4.116686061024665833e-02,5.179788544774055481e-02,-3.491706028580665588e-02,1.037274580448865891e-02,4.241147511350062150e-39,1.712166517972946167e-01,5.376828834414482117e-02,1.453775912523269653e-01,4.840068519115447998e-02,-8.733035996556282043e-03,6.185115128755569458e-02,2.417960911989212036e-01,1.093350425362586975e-01,-6.669675558805465698e-02,-4.304216057062149048e-02,-2.288377285003662109e-02,-1.149306818842887878e-02,5.410511791706085205e-02,-3.406791985034942627e-01,2.410086244344711304e-01,5.024942010641098022e-02,4.304345324635505676e-02
7.559001445770263672e-02,-7.207900285720825195e-02,-1.154500171542167664e-01,-5.810009688138961792e-02,1.163816601037979126e-01,-7.275103777647018433e-02,6.930802017450332642e-02,7.674656063318252563e-02,7.627992331981658936e-02,1.632525026798248291e-01,-1.080332100391387939e-01,-2.916475534439086914e-01,-9.856429696083068848e-02,2.056858129799365997e-02,2.960635535418987274e-02,-2.045267820358276367e-02,2.307842224836349487e-01,1.417454145848751068e-02,-9.183704107999801636e-02,5.335190296173095703e-01,-3.288232954218983650e-03,2.093124389648437500e-01,-7.476709231715992321e-39,-2.698095142841339111e-01,1.146794483065605164e-01,-2.204610854387283325e-01,8.281841129064559937e-02,-2.969722822308540344e-02,-9.285567700862884521e-02,1.876824349164962769e-01,4.734235256910324097e-02,6.476898193359375000e-01,8.209276199340820312e-02,-2.413167059421539307e-02,-7.061254978179931641e-02,9.322465211153030396e-02,6.963800787925720215e-01,-1.052545532584190369e-01,2.467304915189743042e-01
2.895527053624391556e-03,-5.073418468236923218e-02,-1.754289716482162476e-01,-1.244854032993316650e-01,-1.000968832522630692e-02,1.728414148092269897e-01,2.348877862095832825e-02,1.532348692417144775e-01,-3.920301422476768494e-02,-2.725683152675628662e-01,3.257870301604270935e-02,-1.367878317832946777e-01,-6.700544059276580811e-02,5.641734227538108826e-02,3.047187328338623047e-01,-2.026614546775817871e-01,8.208701014518737793e-02,-6.109950318932533264e-02,1.165890023112297058e-01,-2.572550810873508453e-02,-2.120474120602011681e-03,3.998985141515731812e-02,-2.212286144495010376e-01,-8.809877966003801111e-39,2.886157929897308350e-01,1.316091977059841156e-02,4.679258763790130615e-01,-1.467435806989669800e-01,-6.465068459510803223e-01,5.525096785277128220e-03,3.652062416076660156e-01,1.650211364030838013e-01,-1.483039557933807373e-01,2.178442329168319702e-01,-5.437198281288146973e-02,-8.863219618797302246e-02,2.579933106899261475e-01,-3.862276077270507812e-01,1.883907020092010498e-01
-1.560705248266458511e-02,6.233261898159980774e-02,-6.091062352061271667e-02,-2.270920723676681519e-01,6.878326833248138428e-02,-3.050583042204380035e-02,-4.248882457613945007e-02,-2.276466190814971924e-01,-2.932568080723285675e-02,-3.725960552692413330e-01,5.824888497591018677e-02,4.517823830246925354e-02,1.884725061245262623e-03,4.809052497148513794e-02,1.438415050506591797e-01,-2.613295055925846100e-02,-2.841379959136247635e-03,1.562189031392335892e-02,-2.131552249193191528e-01,2.335724234580993652e-01,-6.727193016558885574e-03,1.081956475973129272e-01,2.127975374460220337e-01,2.843598127365112305e-01,1.461244611330168420e-39,-1.768396347761154175e-01,-5.451666563749313354e-02,-2.086247205734252930e-01,-4.199852794408798218e-02,-9.557925909757614136e-02,-9.529595822095870972e-02,4.651917889714241028e-02,2.160716205835342407e-01,-9.687601705081760883e-04,-1.661849170923233032e-01,1.766578294336795807e-02,-1.156341359019279480e-01,9.322683513164520264e-02,1.292697638273239136e-01
-1.297198235988616943e-01,3.134576976299285889e-02,1.670465916395187378e-01,6.823071092367172241e-02,1.472808569669723511e-01,-3.500361740589141846e-02,-5.903465673327445984e-02,-1.598762720823287964e-01,-1.370516270399093628e-01,1.960246413946151733e-01,2.695739865303039551e-01,7.693817839026451111e-03,1.576421707868576050e-01,-1.305222790688276291e-02,-2.948865592479705811e-01,7.986271381378173828e-02,-1.735675334930419922e-01,3.511080890893936157e-02,-2.497966140508651733e-01,4.497829079627990723e-02,-9.152325801551342010e-03,5.863156914710998535e-02,-8.823178708553314209e-02,3.011363185942173004e-02,-3.606365248560905457e-02,6.602909956107752089e-39,-7.398457825183868408e-02,-2.180602103471755981e-01,-2.025453299283981323e-01,-5.164992809295654297e-01,-1.075420379638671875e-01,1.260036379098892212e-01,-4.246717318892478943e-02,1.468684226274490356e-01,-8.736625313758850098e-02,-6.115624904632568359e-01,4.854025542736053467e-01,-1.718603074550628662e-02,4.403437301516532898e-02
-1.107548996806144714e-01,8.973683416843414307e-02,1.509929597377777100e-01,7.128301262855529785e-02,-2.253843247890472412e-01,9.564589709043502808e-02,3.966142889112234116e-03,-1.741264462471008301e-01,-1.076328530907630920e-01,5.948507413268089294e-02,1.436995416879653931e-01,-4.686610400676727295e-02,-4.000404477119445801e-02,3.616772592067718506e-02,1.062659174203872681e-01,2.878704369068145752e-01,-1.430427432060241699e+00,-1.768420450389385223e-02,-2.123798988759517670e-02,-1.158014032989740372e-02,-1.239565014839172363e-02,-1.136156842112541199e-01,6.402043253183364868e-02,4.297294616699218750e-01,4.870524257421493530e-02,2.732236385345458984e-01,1.004193881219518137e-38,2.649693936109542847e-02,-3.491683602333068848e-01,3.166750818490982056e-02,-1.341596245765686035e-01,-5.124031379818916321e-02,-5.594739690423011780e-02,-7.421688642352819443e-03,-1.412854809314012527e-02,1.815237253904342651e-01,4.160594195127487183e-02,-1.232718452811241150e-01,-1.114845037460327148e+00
-1.455301046371459961e-01,2.028272487223148346e-03,-1.378356292843818665e-02,-1.195592526346445084e-02,-1.138594895601272583e-01,-7.079946994781494141e-02,-1.644953526556491852e-02,-2.039255201816558838e-01,-8.640810847282409668e-02,7.530526816844940186e-02,-2.166646160185337067e-02,-2.430679975077509880e-03,5.099469050765037537e-02,-4.844581708312034607e-02,-1.753582656383514404e-01,-7.643283605575561523e-01,1.103510260581970215e-01,-4.065098706632852554e-03,3.850997611880302429e-02,-3.251825571060180664e-01,6.690283864736557007e-02,2.745378063991665840e-03,-1.273348480463027954e-01,1.578965932130813599e-01,-3.881039619445800781e-01,2.880580350756645203e-02,1.122179254889488220e-02,7.766759796951193232e-39,-4.340618550777435303e-01,-3.266169875860214233e-02,-1.940152421593666077e-02,-2.232573181390762329e-01,3.570447266101837158e-01,-3.402839899063110352e-01,-2.501356899738311768e-01,-1.881726235151290894e-01,1.170910596847534180e-01,9.845060110092163086e-02,-7.328855246305465698e-02
-2.936472743749618530e-02,-1.373101305216550827e-02,-2.117272913455963135e-01,1.446909457445144653e-02,-4.384149238467216492e-02,-3.595244586467742920e-01,-2.197795808315277100e-01,2.032466828823089600e-01,1.080133020877838135e-01,8.689775131642818451e-03,1.841006241738796234e-02,5.988381803035736084e-03,-8.323716372251510620e-02,-4.378282278776168823e-02,7.241160422563552856e-02,-5.676755309104919434e-02,-3.429772704839706421e-02,-1.930150762200355530e-02,-1.499989926815032959e-01,-2.509261369705200195e-01,-9.369750507175922394e-03,2.364328354597091675e-01,-3.291833102703094482e-01,-5.531521439552307129e-01,-3.973431140184402466e-02,-4.353058338165283203e-01,-3.206998109817504883e-01,-3.941132724285125732e-01,-8.849241841165149547e-40,8.866656571626663208e-02,2.221449092030525208e-02,-3.665494918823242188e-02,3.942593634128570557e-01,2.697475999593734741e-02,1.824613958597183228e-01,8.324608951807022095e-02,-1.029697153717279434e-02,-9.466857463121414185e-02,3.718765377998352051e-01
-1.071566119790077209e-01,5.215829983353614807e-02,-4.683078080415725708e-02,5.778314545750617981e-02,-4.549241065979003906e-02,1.102860271930694580e-01,2.201432734727859497e-01,1.829457432031631470e-01,-6.236589699983596802e-02,-2.395865768194198608e-01,9.213736653327941895e-02,1.538506336510181427e-02,-3.135863691568374634e-02,1.153400074690580368e-02,-7.246821373701095581e-02,-8.119432255625724792e-03,5.295353010296821594e-02,3.101130202412605286e-02,1.467401832342147827e-01,3.956858515739440918e-01,-2.654708176851272583e-02,1.026147231459617615e-01,2.256383895874023438e-01,-1.839545667171478271e-01,-4.172673821449279785e-02,-2.672537863254547119e-01,1.561835408210754395e-02,-3.782972320914268494e-02,-5.668848380446434021e-02,-1.959030667409201838e-39,1.168111413717269897e-01,7.166051119565963745e-02,-1.261940598487854004e-01,5.427469313144683838e-02,5.736237764358520508e-02,1.289628446102142334e-02,7.267644256353378296e-02,-8.402598090469837189e-03,-9.146360307931900024e-02
-8.433089405298233032e-02,1.436029672622680664e-01,-5.483134090900421143e-02,-1.592794507741928101e-01,1.080252304673194885e-01,-2.346548624336719513e-02,-1.275795102119445801e-01,-1.101576611399650574e-01,3.490349277853965759e-02,1.021902263164520264e-01,3.124232403934001923e-02,-1.182835847139358521e-01,1.918822713196277618e-02,1.285899779759347439e-03,1.523908413946628571e-02,-2.132730484008789062e-01,-1.228887438774108887e-01,9.283800027333199978e-04,-2.198352366685867310e-01,4.679304659366607666e-01,8.038882911205291748e-02,-7.238993793725967407e-02,9.825097769498825073e-02,3.987338542938232422e-01,-6.992989219725131989e-03,-8.926111459732055664e-02,6.490560621023178101e-02,6.102082878351211548e-02,3.017592057585716248e-02,-1.715480238199234009e-01,-5.759224584497852176e-39,-1.899787932634353638e-01,-7.638303935527801514e-02,2.078481316566467285e-01,1.950166188180446625e-02,-3.291584551334381104e-02,-2.322544306516647339e-01,-1.101373806595802307e-01,-2.797238230705261230e-01
1.868973299860954285e-02,-1.287765651941299438e-01,-3.985617309808731079e-02,-9.156938642263412476e-02,1.068140566349029541e-01,-8.224751800298690796e-03,3.258279990404844284e-03,1.944732517004013062e-01,3.194046393036842346e-02,-2.041525766253471375e-02,-7.263610512018203735e-02,8.485671132802963257e-02,1.144944783300161362e-02,6.506657600402832031e-02,-3.463488444685935974e-02,1.916790306568145752e-01,-1.321519613265991211e-01,1.137612462043762207e-01,6.660256534814834595e-02,2.012279927730560303e-01,-5.445318296551704407e-02,-3.817677497863769531e-02,5.044881105422973633e-01,1.328514665365219116e-01,4.314773529767990112e-02,2.882497012615203857e-01,-2.530133426189422607e-01,-3.364669382572174072e-01,-4.067340120673179626e-02,7.047035545110702515e-02,-2.847212553024291992e-01,4.639769280302685563e-40,3.065629601478576660e-01,-4.517235159873962402e-01,3.578415140509605408e-02,-3.433911874890327454e-02,-2.128202468156814575e-01,-6.496187415905296803e-04,-5.711270868778228760e-02
-1.097424849867820740e-01,1.855301260948181152e-01,4.811888933181762695e-02,-5.329255759716033936e-02,-4.625456035137176514e-02,-1.749961674213409424e-01,-1.910898275673389435e-02,-2.164539508521556854e-02,1.008808729238808155e-03,-5.197663232684135437e-02,2.123532593250274658e-01,1.249634847044944763e-01,1.426356732845306396e-01,1.738533028401434422e-03,9.382048249244689941e-02,2.822185158729553223e-01,1.875099390745162964e-01,-4.999873414635658264e-02,-1.216623280197381973e-02,-4.550698772072792053e-02,-1.266834698617458344e-02,-6.009059958159923553e-03,3.574735298752784729e-02,2.901944816112518311e-01,2.945751547813415527e-01,-2.182997204363346100e-02,-4.819395393133163452e-02,5.587765574455261230e-01,2.986944019794464111e-01,3.612337261438369751e-02,-1.281086653470993042e-01,2.951154708862304688e-01,1.138037642870885148e-38,1.655742079019546509e-01,-3.708892688155174255e-02,8.225464262068271637e-03,3.079341053962707520e-01,2.672431468963623047e-01,-7.976516485214233398e-01
7.999340444803237915e-02,-9.537559747695922852e-02,2.169347256422042847e-01,-6.868380308151245117e-02,1.347777694463729858e-01,-4.858064651489257812e-02,1.218543276190757751e-01,6.412356346845626831e-02,1.948848217725753784e-01,2.063450366258621216e-01,-7.743731886148452759e-02,1.092910114675760269e-02,1.151061430573463440e-01,-1.286321133375167847e-02,-3.927122801542282104e-02,5.000908393412828445e-03,-4.059128090739250183e-02,-7.768241316080093384e-02,-1.370805948972702026e-01,-9.157243371009826660e-02,2.846026793122291565e-03,-3.914542496204376221e-02,7.481689006090164185e-02,1.251711398363113403e-01,-8.868223428726196289e-02,2.224712222814559937e-01,3.579218313097953796e-02,-2.142571508884429932e-01,-2.978843636810779572e-02,4.774208366870880127e-02,1.546696424484252930e-01,-4.511627256870269775e-01,3.518534824252128601e-03,7.038053766936073210e-39,-4.141531586647033691e-01,-3.005596995353698730e-01,-2.640218287706375122e-02,-5.270340293645858765e-02,6.774686574935913086e-01
1.982553750276565552e-01,-6.980462372303009033e-02,1.783098094165325165e-02,-1.796643063426017761e-02,1.058416813611984253e-01,9.864798188209533691e-02,-9.578426927328109741e-02,1.684583872556686401e-01,-4.993161559104919434e-02,6.048024073243141174e-02,-2.596980705857276917e-02,-2.791509404778480530e-02,5.363682657480239868e-02,-4.874560236930847168e-02,4.930136725306510925e-02,6.350687146186828613e-02,1.512926518917083740e-01,3.172708675265312195e-02,1.146902740001678467e-01,6.307148933410644531e-02,3.890541568398475647e-02,2.071329578757286072e-02,9.284953027963638306e-02,1.158122718334197998e-02,-1.726803779602050781e-01,9.178478270769119263e-03,-1.919982582330703735e-02,-1.740877479314804077e-01,1.245964244008064270e-01,-6.197209656238555908e-02,4.790075868368148804e-02,-5.839147418737411499e-02,4.002558067440986633e-02,-3.579558134078979492e-01,-7.305913369690226317e-39,-1.687102764844894409e-01,8.736322075128555298e-02,-1.263268142938613892e-01,5.475924164056777954e-02
9.095681831240653992e-03,-1.724491119384765625e-01,4.008825495839118958e-02,-5.302516743540763855e-02,-6.597834080457687378e-02,-9.684020653367042542e-03,7.763444632291793823e-02,1.090609282255172729e-01,1.787921227514743805e-02,7.774958014488220215e-02,7.315000891685485840e-02,-7.534569595009088516e-04,6.642423570156097412e-02,-8.396066725254058838e-02,-7.548670470714569092e-02,1.926707327365875244e-01,-7.383573800325393677e-02,1.234842929989099503e-02,9.868679940700531006e-02,-4.174445196986198425e-02,-3.230834007263183594e-02,-3.164940178394317627e-01,9.044931083917617798e-02,-2.590981079265475273e-03,9.202737361192703247e-02,-4.034033715724945068e-01,1.293959617614746094e-01,-1.551064196974039078e-02,-1.380650326609611511e-02,-1.776415556669235229e-01,2.690143287181854248e-01,4.017936810851097107e-02,3.230369463562965393e-02,-2.941781580448150635e-01,-5.229195579886436462e-02,1.164199604940136617e-38,1.786158233880996704e-01,-5.955950543284416199e-02,-1.573151946067810059e-01
1.570145133882761002e-03,-1.990980803966522217e-01,-5.150493979454040527e-02,-8.709067478775978088e-03,4.826609417796134949e-02,-7.975254952907562256e-02,1.017741113901138306e-01,2.224506586790084839e-01,1.127600446343421936e-01,1.246075853705406189e-01,-1.547997742891311646e-01,1.161714736372232437e-02,1.344564720056951046e-03,5.396443977952003479e-02,6.945556402206420898e-02,-1.168834045529365540e-01,-8.834453299641609192e-03,-8.415595442056655884e-02,-1.987045854330062866e-01,1.490430831909179688e-01,-1.832082867622375488e-02,2.564851045608520508e-01,7.399972677230834961e-01,3.174994885921478271e-01,-1.580435186624526978e-01,3.496237099170684814e-01,-5.325093120336532593e-02,1.460323296487331390e-02,-1.533745825290679932e-01,4.564998671412467957e-02,-1.694370359182357788e-01,-1.450221091508865356e-01,3.125385940074920654e-01,-1.143380552530288696e-01,8.187812566757202148e-02,2.427514940500259399e-01,-5.135708425005738872e-39,-1.631271541118621826e-01,5.198230221867561340e-02
9.229981899261474609e-02,-1.149926707148551941e-01,-2.646121382713317871e-02,6.564316898584365845e-02,4.135236144065856934e-02,4.016920551657676697e-02,3.628259524703025818e-02,3.330827876925468445e-02,2.288044244050979614e-01,-3.405957296490669250e-02,-2.260143309831619263e-01,-4.233311861753463745e-02,-2.566524595022201538e-02,-4.606122523546218872e-02,-2.519562840461730957e-01,1.488469094038009644e-01,-5.604654923081398010e-02,-8.112145587801933289e-03,7.385627925395965576e-02,-4.514161124825477600e-02,-1.456647831946611404e-02,9.643945842981338501e-02,-1.939206868410110474e-01,-9.529806673526763916e-02,6.252905726432800293e-02,3.944872692227363586e-02,-6.375776231288909912e-02,4.855176433920860291e-03,-1.433590799570083618e-01,9.887093305587768555e-02,-1.223710700869560242e-01,3.285636752843856812e-02,2.543409168720245361e-01,-2.438209578394889832e-02,-9.720017015933990479e-02,-1.738906372338533401e-03,1.401814632117748260e-02,1.051458417252576325e-38,1.853688359260559082e-01
2.334690466523170471e-02,8.851002156734466553e-02,-1.960899233818054199e-01,-2.262968942523002625e-02,-2.150176018476486206e-01,-1.669873297214508057e-01,-5.382377281785011292e-02,3.857987374067306519e-02,6.858373433351516724e-02,1.541294455528259277e-01,-1.547173783183097839e-02,-2.826299518346786499e-03,5.309912562370300293e-02,9.376303851604461670e-02,2.003949880599975586e-01,1.559994816780090332e-01,1.131826117634773254e-01,-4.200226161628961563e-03,-8.573187142610549927e-02,-9.323601610958576202e-03,-2.181407064199447632e-02,1.821012422442436218e-02,6.232427433133125305e-02,2.419127970933914185e-01,9.604947268962860107e-02,-8.726669847965240479e-02,-1.060132503509521484e+00,-5.524405837059020996e-02,4.391355216503143311e-01,6.946768611669540405e-02,-2.321873754262924194e-01,-7.275542616844177246e-02,-9.145235419273376465e-01,7.883365750312805176e-01,5.516862124204635620e-02,-9.137334674596786499e-02,-7.065896689891815186e-02,2.264018654823303223e-01,1.625345069293390448e-39
